{"version":2,"intensity":0,"info":{"face":"Cream Beige","maps":[{"width":1024,"height":512}]},"chars":{"32":{"id":32,"letter":" ","x":1,"y":1,"width":64,"height":64,"map":0,"xadvance":8,"xoffset":31.5,"yoffset":31.5,"scale":1,"range":8},"33":{"id":33,"letter":"!","x":67,"y":1,"width":64,"height":64,"map":0,"xadvance":11.232,"xoffset":26.3806666667,"yoffset":20.4266666667,"scale":1,"range":8,"bounds":[1.628,-0.896,9.61066666667,24.0426666667]},"34":{"id":34,"letter":"\"","x":133,"y":1,"width":64,"height":64,"map":0,"xadvance":13.472,"xoffset":25.2693333333,"yoffset":12.2581333333,"scale":1,"range":8,"bounds":[0.949333333333,16.0213333333,12.512,23.4624]},"36":{"id":36,"letter":"$","x":199,"y":1,"width":64,"height":64,"map":0,"xadvance":20,"xoffset":22.0813714286,"yoffset":20.352,"scale":1,"range":8,"bounds":[1.2544,-2.5888,18.5828571429,25.8848]},"37":{"id":37,"letter":"%","x":265,"y":1,"width":64,"height":64,"map":0,"xadvance":34.56,"xoffset":14.712937931,"yoffset":20.2354285714,"scale":1,"range":8,"bounds":[1.06372413793,-0.576,33.5104,24.1051428571]},"38":{"id":38,"letter":"&","x":331,"y":1,"width":64,"height":64,"map":0,"xadvance":23.584,"xoffset":20.06,"yoffset":20.0727272727,"scale":1,"range":8,"bounds":[1.30933333333,-0.619636363636,22.5706666667,24.4741818182]},"39":{"id":39,"letter":"'","x":397,"y":1,"width":64,"height":64,"map":0,"xadvance":7.04,"xoffset":28.4853333333,"yoffset":11.8865777778,"scale":1,"range":8,"bounds":[0.917333333333,16.4764444444,6.112,23.7504]},"40":{"id":40,"letter":"(","x":463,"y":1,"width":64,"height":64,"map":0,"xadvance":17.984,"xoffset":22.7213333333,"yoffset":20.203047619,"scale":1,"range":8,"bounds":[1.53333333333,-2.49142857143,17.024,26.0853333333]},"41":{"id":41,"letter":")","x":529,"y":1,"width":64,"height":64,"map":0,"xadvance":17.984,"xoffset":23.2873142857,"yoffset":20.208,"scale":1,"range":8,"bounds":[0.9568,-2.50057142857,16.4685714286,26.0845714286]},"42":{"id":42,"letter":"*","x":595,"y":1,"width":64,"height":64,"map":0,"xadvance":10.784,"xoffset":26.5952,"yoffset":13.1212307692,"scale":1,"range":8,"bounds":[1.024,14.4,9.7856,23.3575384615]},"43":{"id":43,"letter":"+","x":661,"y":1,"width":64,"height":64,"map":0,"xadvance":17.184,"xoffset":23.412,"yoffset":21.804,"scale":1,"range":8,"bounds":[0.952,2.56,16.224,17.832]},"44":{"id":44,"letter":",","x":727,"y":1,"width":64,"height":64,"map":0,"xadvance":9.504,"xoffset":27.2633110048,"yoffset":30.0448,"scale":1,"range":8,"bounds":[0.887272727273,-2.8416,8.58610526316,6.752]},"45":{"id":45,"letter":"-","x":793,"y":1,"width":64,"height":64,"map":0,"xadvance":17.024,"xoffset":23.476,"yoffset":21.8789333333,"scale":1,"range":8,"bounds":[0.888,7.12533333333,16.16,13.1168]},"46":{"id":46,"letter":".","x":859,"y":1,"width":64,"height":64,"map":0,"xadvance":9.376,"xoffset":27.3273333333,"yoffset":29.44,"scale":1,"range":8,"bounds":[0.86,-0.896,8.48533333333,6.016]},"47":{"id":47,"letter":"/","x":925,"y":1,"width":64,"height":64,"map":0,"xadvance":14.656,"xoffset":24.4193333333,"yoffset":19.356,"scale":1,"range":8,"bounds":[1.17333333333,0.256,13.988,25.032]},"48":{"id":48,"letter":"0","x":1,"y":67,"width":64,"height":64,"map":0,"xadvance":21.184,"xoffset":21.3950769231,"yoffset":20.1717333333,"scale":1,"range":8,"bounds":[1.52,-0.6976,19.6898461538,24.3541333333]},"49":{"id":49,"letter":"1","x":67,"y":67,"width":64,"height":64,"map":0,"xadvance":17.088,"xoffset":23.3152,"yoffset":20.2312727273,"scale":1,"range":8,"bounds":[1.3056,-0.544,16.064,24.0814545455]},"50":{"id":50,"letter":"2","x":133,"y":67,"width":64,"height":64,"map":0,"xadvance":20.448,"xoffset":21.8005194805,"yoffset":20.248,"scale":1,"range":8,"bounds":[1.47781818182,-0.432,18.9211428571,23.936]},"51":{"id":51,"letter":"3","x":199,"y":67,"width":64,"height":64,"map":0,"xadvance":18.784,"xoffset":22.639090301,"yoffset":20.2951048951,"scale":1,"range":8,"bounds":[1.27443478261,-0.292363636364,17.4473846154,23.7021538462]},"52":{"id":52,"letter":"4","x":265,"y":67,"width":64,"height":64,"map":0,"xadvance":19.136,"xoffset":22.7008,"yoffset":20.1275076923,"scale":1,"range":8,"bounds":[1.0304,-0.4864,17.568,24.2313846154]},"53":{"id":53,"letter":"5","x":331,"y":67,"width":64,"height":64,"map":0,"xadvance":20.416,"xoffset":21.8670222222,"yoffset":20.5505454545,"scale":1,"range":8,"bounds":[1.3504,-0.653090909091,18.9155555556,23.552]},"54":{"id":54,"letter":"6","x":397,"y":67,"width":64,"height":64,"map":0,"xadvance":20.064,"xoffset":21.8326153846,"yoffset":20.2129230769,"scale":1,"range":8,"bounds":[1.40061538462,-0.521846153846,18.9341538462,24.096]},"55":{"id":55,"letter":"7","x":463,"y":67,"width":64,"height":64,"map":0,"xadvance":16.832,"xoffset":23.452,"yoffset":20.434,"scale":1,"range":8,"bounds":[1.12,-0.9,15.976,24.032]},"56":{"id":56,"letter":"8","x":529,"y":67,"width":64,"height":64,"map":0,"xadvance":19.552,"xoffset":22.2755897436,"yoffset":20.5692857143,"scale":1,"range":8,"bounds":[1.39815384615,-0.948571428571,18.0506666667,23.81]},"57":{"id":57,"letter":"9","x":595,"y":67,"width":64,"height":64,"map":0,"xadvance":20.064,"xoffset":22.0844952381,"yoffset":20.2091111111,"scale":1,"range":8,"bounds":[1.14986666667,-0.516,18.6811428571,24.0977777778]},"58":{"id":58,"letter":":","x":661,"y":67,"width":64,"height":64,"map":0,"xadvance":10.272,"xoffset":26.8788,"yoffset":22.832,"scale":1,"range":8,"bounds":[1.276,0.064,8.9664,18.272]},"59":{"id":59,"letter":";","x":727,"y":67,"width":64,"height":64,"map":0,"xadvance":10.432,"xoffset":26.8176969697,"yoffset":24.2848,"scale":1,"range":8,"bounds":[1.23927272727,-2.8416,9.12533333333,18.272]},"61":{"id":61,"letter":"=","x":793,"y":67,"width":64,"height":64,"map":0,"xadvance":17.856,"xoffset":23.076,"yoffset":21.4149333333,"scale":1,"range":8,"bounds":[1.24,3.50933333333,16.608,17.6608]},"63":{"id":63,"letter":"?","x":859,"y":67,"width":64,"height":64,"map":0,"xadvance":18.688,"xoffset":22.7308923077,"yoffset":20.696,"scale":1,"range":8,"bounds":[0.8176,-0.896,17.7206153846,23.504]},"64":{"id":64,"letter":"@","x":925,"y":67,"width":64,"height":64,"map":0,"xadvance":29.632,"xoffset":17.1380025031,"yoffset":22.0982857143,"scale":1,"range":8,"bounds":[1.29293617021,-4.06857142857,28.4310588235,23.872]},"65":{"id":65,"letter":"A","x":1,"y":133,"width":64,"height":64,"map":0,"xadvance":20.352,"xoffset":21.88,"yoffset":20.3351111111,"scale":1,"range":8,"bounds":[1.168,-0.48,19.072,23.8097777778]},"66":{"id":66,"letter":"B","x":67,"y":133,"width":64,"height":64,"map":0,"xadvance":21.312,"xoffset":21.1333333333,"yoffset":20.4138666667,"scale":1,"range":8,"bounds":[1.632,-1.1904,20.1013333333,24.3626666667]},"67":{"id":67,"letter":"C","x":133,"y":133,"width":64,"height":64,"map":0,"xadvance":19.776,"xoffset":22.19504,"yoffset":20.5224,"scale":1,"range":8,"bounds":[0.97792,-0.664,18.632,23.6192]},"68":{"id":68,"letter":"D","x":199,"y":133,"width":64,"height":64,"map":0,"xadvance":22.336,"xoffset":20.4606315789,"yoffset":20.396,"scale":1,"range":8,"bounds":[1.696,-1.248,21.3827368421,24.456]},"69":{"id":69,"letter":"E","x":265,"y":133,"width":64,"height":64,"map":0,"xadvance":18.496,"xoffset":22.7177142857,"yoffset":20.3362666667,"scale":1,"range":8,"bounds":[1.2419047619,-0.552533333333,17.3226666667,23.88]},"70":{"id":70,"letter":"F","x":331,"y":133,"width":64,"height":64,"map":0,"xadvance":17.792,"xoffset":22.7186285714,"yoffset":20.0826666667,"scale":1,"range":8,"bounds":[1.2416,-0.048,17.3211428571,23.8826666667]},"71":{"id":71,"letter":"G","x":397,"y":133,"width":64,"height":64,"map":0,"xadvance":20.256,"xoffset":21.904,"yoffset":20.5420350877,"scale":1,"range":8,"bounds":[0.96,-0.646736842105,19.232,23.5626666667]},"72":{"id":72,"letter":"H","x":463,"y":133,"width":64,"height":64,"map":0,"xadvance":22.816,"xoffset":20.648,"yoffset":20.3914666667,"scale":1,"range":8,"bounds":[1.68,-0.3776,21.024,23.5946666667]},"73":{"id":73,"letter":"I","x":529,"y":133,"width":64,"height":64,"map":0,"xadvance":11.68,"xoffset":26.1968,"yoffset":20.3483076923,"scale":1,